                  epoch,             train/loss,  metrics/accuracy_top1,  metrics/accuracy_top5,               val/loss,                 lr/pg0,                 lr/pg1,                 lr/pg2
                      1,                 1.6912,                    0.2,                      1,                 1.5906,              2.856e-05,              2.856e-05,              2.856e-05
                      2,                  1.567,                    0.4,                      1,                 1.5751,             6.3942e-05,             6.3942e-05,             6.3942e-05
                      3,                 1.3941,                    0.5,                      1,                 1.5466,              9.897e-05,              9.897e-05,              9.897e-05
                      4,                 1.1486,                    0.5,                      1,                 1.5214,             0.00013365,             0.00013365,             0.00013365
                      5,                 0.9964,                    0.5,                      1,                 1.4799,             0.00016797,             0.00016797,             0.00016797
